query,source,template,relation_count,flat_file
ceb_11a_0ebc6471c95e88bb0f159b9121659db833cdee28,11a/0ebc6471c95e88bb0f159b9121659db833cdee28.sql,11a,10,ceb_11a_0ebc6471c95e88bb0f159b9121659db833cdee28.sql
ceb_11a_0fb8e21f8993d111a5acda9f9862201a624137e3,11a/0fb8e21f8993d111a5acda9f9862201a624137e3.sql,11a,10,ceb_11a_0fb8e21f8993d111a5acda9f9862201a624137e3.sql
ceb_11a_102690d752f7fec9365ffcf8fcb9dd53ef11b74b,11a/102690d752f7fec9365ffcf8fcb9dd53ef11b74b.sql,11a,10,ceb_11a_102690d752f7fec9365ffcf8fcb9dd53ef11b74b.sql
ceb_11a_25eff3391ee0ed275e8356cc0c85f9c531c8333a,11a/25eff3391ee0ed275e8356cc0c85f9c531c8333a.sql,11a,10,ceb_11a_25eff3391ee0ed275e8356cc0c85f9c531c8333a.sql
ceb_11a_2d34f374796ee24c26f6fd14cf17c8be7f36f4fc,11a/2d34f374796ee24c26f6fd14cf17c8be7f36f4fc.sql,11a,10,ceb_11a_2d34f374796ee24c26f6fd14cf17c8be7f36f4fc.sql
ceb_11a_2f500a79380e69f38398cf4af82e43f759a3fc03,11a/2f500a79380e69f38398cf4af82e43f759a3fc03.sql,11a,10,ceb_11a_2f500a79380e69f38398cf4af82e43f759a3fc03.sql
ceb_11a_37b523fa056520c4ecb8f5bff9dbf87d7168c72e,11a/37b523fa056520c4ecb8f5bff9dbf87d7168c72e.sql,11a,10,ceb_11a_37b523fa056520c4ecb8f5bff9dbf87d7168c72e.sql
ceb_11a_3fcc5fd5911f596fab60c551bd34ecd9b42ed311,11a/3fcc5fd5911f596fab60c551bd34ecd9b42ed311.sql,11a,10,ceb_11a_3fcc5fd5911f596fab60c551bd34ecd9b42ed311.sql
ceb_11a_5dca5f607ae786e625d21e557957f012782600a2,11a/5dca5f607ae786e625d21e557957f012782600a2.sql,11a,10,ceb_11a_5dca5f607ae786e625d21e557957f012782600a2.sql
ceb_11a_604273b3dec14b3f02eb8eeeb3a2b324b23c94ca,11a/604273b3dec14b3f02eb8eeeb3a2b324b23c94ca.sql,11a,10,ceb_11a_604273b3dec14b3f02eb8eeeb3a2b324b23c94ca.sql
ceb_11a_624871f661498760744fe0d019401a643da42c26,11a/624871f661498760744fe0d019401a643da42c26.sql,11a,10,ceb_11a_624871f661498760744fe0d019401a643da42c26.sql
ceb_11a_679a58dcc296d19ce42488a7326cde7961aa6d0f,11a/679a58dcc296d19ce42488a7326cde7961aa6d0f.sql,11a,10,ceb_11a_679a58dcc296d19ce42488a7326cde7961aa6d0f.sql
ceb_11a_70380508a8fab6c8e464d3c9fe073151557f7e2a,11a/70380508a8fab6c8e464d3c9fe073151557f7e2a.sql,11a,10,ceb_11a_70380508a8fab6c8e464d3c9fe073151557f7e2a.sql
ceb_11a_bbc16a1624ad4a07b7e51469453b897fbc0921ac,11a/bbc16a1624ad4a07b7e51469453b897fbc0921ac.sql,11a,10,ceb_11a_bbc16a1624ad4a07b7e51469453b897fbc0921ac.sql
ceb_11a_f6ba0015a5ebc1750281041f71a367e22e487fb7,11a/f6ba0015a5ebc1750281041f71a367e22e487fb7.sql,11a,10,ceb_11a_f6ba0015a5ebc1750281041f71a367e22e487fb7.sql
ceb_11b_047304b887156add779c1ed07e44d3d88daed459,11b/047304b887156add779c1ed07e44d3d88daed459.sql,11b,12,ceb_11b_047304b887156add779c1ed07e44d3d88daed459.sql
ceb_11b_403b7641060fe231f32c4bdfea8de3edd807198c,11b/403b7641060fe231f32c4bdfea8de3edd807198c.sql,11b,12,ceb_11b_403b7641060fe231f32c4bdfea8de3edd807198c.sql
ceb_11b_4622870384b78aaa661f9f943880d1cc026ed291,11b/4622870384b78aaa661f9f943880d1cc026ed291.sql,11b,12,ceb_11b_4622870384b78aaa661f9f943880d1cc026ed291.sql
ceb_11b_5a7551ddee28fea3b6bae3df39f48b8ed3d2fecc,11b/5a7551ddee28fea3b6bae3df39f48b8ed3d2fecc.sql,11b,12,ceb_11b_5a7551ddee28fea3b6bae3df39f48b8ed3d2fecc.sql
ceb_11b_82d0d322d3c4b64d8d8a496a13792da0f31e4776,11b/82d0d322d3c4b64d8d8a496a13792da0f31e4776.sql,11b,12,ceb_11b_82d0d322d3c4b64d8d8a496a13792da0f31e4776.sql
ceb_11b_8d3844c6539cc9836e7b1fefefe3a503c5686fa0,11b/8d3844c6539cc9836e7b1fefefe3a503c5686fa0.sql,11b,12,ceb_11b_8d3844c6539cc9836e7b1fefefe3a503c5686fa0.sql
ceb_11b_99247aaff7d4a5b11c9009d04c6cfb551ef73096,11b/99247aaff7d4a5b11c9009d04c6cfb551ef73096.sql,11b,12,ceb_11b_99247aaff7d4a5b11c9009d04c6cfb551ef73096.sql
ceb_11b_a180367b4c3126a88eb1a2619cb458588206fc4b,11b/a180367b4c3126a88eb1a2619cb458588206fc4b.sql,11b,12,ceb_11b_a180367b4c3126a88eb1a2619cb458588206fc4b.sql
ceb_11b_a815a1a5886747462e44ddb89830d51f208e574a,11b/a815a1a5886747462e44ddb89830d51f208e574a.sql,11b,12,ceb_11b_a815a1a5886747462e44ddb89830d51f208e574a.sql
ceb_11b_b017e06746aec3a3a5a6c98f9f34cb1c79ba3e8e,11b/b017e06746aec3a3a5a6c98f9f34cb1c79ba3e8e.sql,11b,12,ceb_11b_b017e06746aec3a3a5a6c98f9f34cb1c79ba3e8e.sql
ceb_11b_b5d5f85915fd6f6ef7d35abb81438b4941ae5b61,11b/b5d5f85915fd6f6ef7d35abb81438b4941ae5b61.sql,11b,12,ceb_11b_b5d5f85915fd6f6ef7d35abb81438b4941ae5b61.sql
ceb_11b_c2e0d8b57d7bf6add718c5365c22abef98ce10bd,11b/c2e0d8b57d7bf6add718c5365c22abef98ce10bd.sql,11b,12,ceb_11b_c2e0d8b57d7bf6add718c5365c22abef98ce10bd.sql
ceb_11b_d252c19560dc11373b382236f5545ed31af977ba,11b/d252c19560dc11373b382236f5545ed31af977ba.sql,11b,12,ceb_11b_d252c19560dc11373b382236f5545ed31af977ba.sql
ceb_11b_d7c11f331c63097f030c24274013b57291bd79e3,11b/d7c11f331c63097f030c24274013b57291bd79e3.sql,11b,12,ceb_11b_d7c11f331c63097f030c24274013b57291bd79e3.sql
ceb_11b_f7e7141af6509e1eba5963928fb6ba27b0c97a39,11b/f7e7141af6509e1eba5963928fb6ba27b0c97a39.sql,11b,12,ceb_11b_f7e7141af6509e1eba5963928fb6ba27b0c97a39.sql
ceb_1a_1a1020,1a/1a1020.sql,1a,9,ceb_1a_1a1020.sql
ceb_1a_1a1388,1a/1a1388.sql,1a,9,ceb_1a_1a1388.sql
ceb_1a_1a141,1a/1a141.sql,1a,9,ceb_1a_1a141.sql
ceb_1a_1a1428,1a/1a1428.sql,1a,9,ceb_1a_1a1428.sql
ceb_1a_1a1719,1a/1a1719.sql,1a,9,ceb_1a_1a1719.sql
ceb_1a_1a1738,1a/1a1738.sql,1a,9,ceb_1a_1a1738.sql
ceb_1a_1a2011,1a/1a2011.sql,1a,9,ceb_1a_1a2011.sql
ceb_1a_1a2291,1a/1a2291.sql,1a,9,ceb_1a_1a2291.sql
ceb_1a_1a2548,1a/1a2548.sql,1a,9,ceb_1a_1a2548.sql
ceb_1a_1a2553,1a/1a2553.sql,1a,9,ceb_1a_1a2553.sql
ceb_1a_1a2571,1a/1a2571.sql,1a,9,ceb_1a_1a2571.sql
ceb_1a_1a2604,1a/1a2604.sql,1a,9,ceb_1a_1a2604.sql
ceb_1a_1a2667,1a/1a2667.sql,1a,9,ceb_1a_1a2667.sql
ceb_1a_1a2774,1a/1a2774.sql,1a,9,ceb_1a_1a2774.sql
ceb_1a_1a955,1a/1a955.sql,1a,9,ceb_1a_1a955.sql
ceb_2a_2a15,2a/2a15.sql,2a,11,ceb_2a_2a15.sql
ceb_2a_2a185,2a/2a185.sql,2a,11,ceb_2a_2a185.sql
ceb_2a_2a241,2a/2a241.sql,2a,11,ceb_2a_2a241.sql
ceb_2a_2a315,2a/2a315.sql,2a,11,ceb_2a_2a315.sql
ceb_2a_2a386,2a/2a386.sql,2a,11,ceb_2a_2a386.sql
ceb_2a_2a419,2a/2a419.sql,2a,11,ceb_2a_2a419.sql
ceb_2a_2a486,2a/2a486.sql,2a,11,ceb_2a_2a486.sql
ceb_2a_2a5,2a/2a5.sql,2a,11,ceb_2a_2a5.sql
ceb_2a_2a576,2a/2a576.sql,2a,11,ceb_2a_2a576.sql
ceb_2a_2a644,2a/2a644.sql,2a,11,ceb_2a_2a644.sql
ceb_2a_2a67,2a/2a67.sql,2a,11,ceb_2a_2a67.sql
ceb_2a_2a711,2a/2a711.sql,2a,11,ceb_2a_2a711.sql
ceb_2a_2a763,2a/2a763.sql,2a,11,ceb_2a_2a763.sql
ceb_2a_2a776,2a/2a776.sql,2a,11,ceb_2a_2a776.sql
ceb_2a_2a881,2a/2a881.sql,2a,11,ceb_2a_2a881.sql
ceb_2b_2b139,2b/2b139.sql,2b,11,ceb_2b_2b139.sql
ceb_2b_2b152,2b/2b152.sql,2b,11,ceb_2b_2b152.sql
ceb_2b_2b163,2b/2b163.sql,2b,11,ceb_2b_2b163.sql
ceb_2b_2b181,2b/2b181.sql,2b,11,ceb_2b_2b181.sql
ceb_2b_2b228,2b/2b228.sql,2b,11,ceb_2b_2b228.sql
ceb_2b_2b284,2b/2b284.sql,2b,11,ceb_2b_2b284.sql
ceb_2b_2b291,2b/2b291.sql,2b,11,ceb_2b_2b291.sql
ceb_2b_2b324,2b/2b324.sql,2b,11,ceb_2b_2b324.sql
ceb_2b_2b333,2b/2b333.sql,2b,11,ceb_2b_2b333.sql
ceb_2b_2b391,2b/2b391.sql,2b,11,ceb_2b_2b391.sql
ceb_2b_2b407,2b/2b407.sql,2b,11,ceb_2b_2b407.sql
ceb_2b_2b41,2b/2b41.sql,2b,11,ceb_2b_2b41.sql
ceb_2b_2b415,2b/2b415.sql,2b,11,ceb_2b_2b415.sql
ceb_2b_2b471,2b/2b471.sql,2b,11,ceb_2b_2b471.sql
ceb_2c_2c128,2c/2c128.sql,2c,9,ceb_2c_2c128.sql
ceb_2c_2c151,2c/2c151.sql,2c,9,ceb_2c_2c151.sql
ceb_2c_2c153,2c/2c153.sql,2c,9,ceb_2c_2c153.sql
ceb_2c_2c173,2c/2c173.sql,2c,9,ceb_2c_2c173.sql
ceb_2c_2c184,2c/2c184.sql,2c,9,ceb_2c_2c184.sql
ceb_2c_2c190,2c/2c190.sql,2c,9,ceb_2c_2c190.sql
ceb_2c_2c282,2c/2c282.sql,2c,9,ceb_2c_2c282.sql
ceb_2c_2c294,2c/2c294.sql,2c,9,ceb_2c_2c294.sql
ceb_2c_2c36,2c/2c36.sql,2c,9,ceb_2c_2c36.sql
ceb_2c_2c38,2c/2c38.sql,2c,9,ceb_2c_2c38.sql
ceb_2c_2c43,2c/2c43.sql,2c,9,ceb_2c_2c43.sql
ceb_2c_2c48,2c/2c48.sql,2c,9,ceb_2c_2c48.sql
ceb_2c_2c51,2c/2c51.sql,2c,9,ceb_2c_2c51.sql
ceb_2c_2c57,2c/2c57.sql,2c,9,ceb_2c_2c57.sql
ceb_3a_3a1069,3a/3a1069.sql,3a,10,ceb_3a_3a1069.sql
ceb_3a_3a1298,3a/3a1298.sql,3a,10,ceb_3a_3a1298.sql
ceb_3a_3a1340,3a/3a1340.sql,3a,10,ceb_3a_3a1340.sql
ceb_3a_3a145,3a/3a145.sql,3a,10,ceb_3a_3a145.sql
ceb_3a_3a246,3a/3a246.sql,3a,10,ceb_3a_3a246.sql
ceb_3a_3a351,3a/3a351.sql,3a,10,ceb_3a_3a351.sql
ceb_3a_3a471,3a/3a471.sql,3a,10,ceb_3a_3a471.sql
ceb_3a_3a561,3a/3a561.sql,3a,10,ceb_3a_3a561.sql
ceb_3a_3a652,3a/3a652.sql,3a,10,ceb_3a_3a652.sql
ceb_3a_3a657,3a/3a657.sql,3a,10,ceb_3a_3a657.sql
ceb_3a_3a762,3a/3a762.sql,3a,10,ceb_3a_3a762.sql
ceb_3a_3a768,3a/3a768.sql,3a,10,ceb_3a_3a768.sql
ceb_3a_3a835,3a/3a835.sql,3a,10,ceb_3a_3a835.sql
ceb_3a_3a962,3a/3a962.sql,3a,10,ceb_3a_3a962.sql
ceb_3b_0a789a85dbc7126df76a2b1dbad43e0341e45ea4,3b/0a789a85dbc7126df76a2b1dbad43e0341e45ea4.sql,3b,10,ceb_3b_0a789a85dbc7126df76a2b1dbad43e0341e45ea4.sql
ceb_3b_19a85be4c3c3152483f7004ddb9f28de84cc4701,3b/19a85be4c3c3152483f7004ddb9f28de84cc4701.sql,3b,10,ceb_3b_19a85be4c3c3152483f7004ddb9f28de84cc4701.sql
ceb_3b_1ee61486c494a477356980b1a685be60cc0daf65,3b/1ee61486c494a477356980b1a685be60cc0daf65.sql,3b,10,ceb_3b_1ee61486c494a477356980b1a685be60cc0daf65.sql
ceb_3b_2e0d352905a0cbf85381d5f91c3d5ff984a913a7,3b/2e0d352905a0cbf85381d5f91c3d5ff984a913a7.sql,3b,10,ceb_3b_2e0d352905a0cbf85381d5f91c3d5ff984a913a7.sql
ceb_3b_486dc0fa5e768e7eb08709d7df44d9b010898401,3b/486dc0fa5e768e7eb08709d7df44d9b010898401.sql,3b,10,ceb_3b_486dc0fa5e768e7eb08709d7df44d9b010898401.sql
ceb_3b_529792bcfcec19c721f4ed7ce43096b415173571,3b/529792bcfcec19c721f4ed7ce43096b415173571.sql,3b,10,ceb_3b_529792bcfcec19c721f4ed7ce43096b415173571.sql
ceb_3b_5ee2ab45c8d729afea8fe4ee3a9850c9b76a24e0,3b/5ee2ab45c8d729afea8fe4ee3a9850c9b76a24e0.sql,3b,10,ceb_3b_5ee2ab45c8d729afea8fe4ee3a9850c9b76a24e0.sql
ceb_3b_775b993e2a6231c2e89f540313ec7542b66712ba,3b/775b993e2a6231c2e89f540313ec7542b66712ba.sql,3b,10,ceb_3b_775b993e2a6231c2e89f540313ec7542b66712ba.sql
ceb_3b_9236b8d30f24a29958ff9c38b298a9cf08bd93f4,3b/9236b8d30f24a29958ff9c38b298a9cf08bd93f4.sql,3b,10,ceb_3b_9236b8d30f24a29958ff9c38b298a9cf08bd93f4.sql
ceb_3b_96c3c5e6ab1f114381e8b07ea79460c418714e5a,3b/96c3c5e6ab1f114381e8b07ea79460c418714e5a.sql,3b,10,ceb_3b_96c3c5e6ab1f114381e8b07ea79460c418714e5a.sql
ceb_3b_aa4be12e7ad9e7928bc00bc741e55099f6590a0f,3b/aa4be12e7ad9e7928bc00bc741e55099f6590a0f.sql,3b,10,ceb_3b_aa4be12e7ad9e7928bc00bc741e55099f6590a0f.sql
ceb_3b_bc03afb92992d5920e3c1f0695f161ff22910da3,3b/bc03afb92992d5920e3c1f0695f161ff22910da3.sql,3b,10,ceb_3b_bc03afb92992d5920e3c1f0695f161ff22910da3.sql
ceb_3b_d9c42f8a853ffead9840f7348b85237d0d636619,3b/d9c42f8a853ffead9840f7348b85237d0d636619.sql,3b,10,ceb_3b_d9c42f8a853ffead9840f7348b85237d0d636619.sql
ceb_3b_f3f84c3944f4fb5d1233e5289d7d51cbc9340189,3b/f3f84c3944f4fb5d1233e5289d7d51cbc9340189.sql,3b,10,ceb_3b_f3f84c3944f4fb5d1233e5289d7d51cbc9340189.sql
ceb_5a_5a131,5a/5a131.sql,5a,10,ceb_5a_5a131.sql
ceb_5a_5a164,5a/5a164.sql,5a,10,ceb_5a_5a164.sql
ceb_5a_5a246,5a/5a246.sql,5a,10,ceb_5a_5a246.sql
ceb_5a_5a325,5a/5a325.sql,5a,10,ceb_5a_5a325.sql
ceb_5a_5a382,5a/5a382.sql,5a,10,ceb_5a_5a382.sql
ceb_5a_5a411,5a/5a411.sql,5a,10,ceb_5a_5a411.sql
ceb_5a_5a524,5a/5a524.sql,5a,10,ceb_5a_5a524.sql
ceb_5a_5a56,5a/5a56.sql,5a,10,ceb_5a_5a56.sql
ceb_5a_5a606,5a/5a606.sql,5a,10,ceb_5a_5a606.sql
ceb_5a_5a682,5a/5a682.sql,5a,10,ceb_5a_5a682.sql
ceb_5a_5a69,5a/5a69.sql,5a,10,ceb_5a_5a69.sql
ceb_5a_5a700,5a/5a700.sql,5a,10,ceb_5a_5a700.sql
ceb_5a_5a744,5a/5a744.sql,5a,10,ceb_5a_5a744.sql
ceb_5a_5a780,5a/5a780.sql,5a,10,ceb_5a_5a780.sql
ceb_6a_6a13,6a/6a13.sql,6a,14,ceb_6a_6a13.sql
ceb_6a_6a159,6a/6a159.sql,6a,14,ceb_6a_6a159.sql
ceb_6a_6a184,6a/6a184.sql,6a,14,ceb_6a_6a184.sql
ceb_6a_6a189,6a/6a189.sql,6a,14,ceb_6a_6a189.sql
ceb_6a_6a236,6a/6a236.sql,6a,14,ceb_6a_6a236.sql
ceb_6a_6a336,6a/6a336.sql,6a,14,ceb_6a_6a336.sql
ceb_6a_6a337,6a/6a337.sql,6a,14,ceb_6a_6a337.sql
ceb_6a_6a362,6a/6a362.sql,6a,14,ceb_6a_6a362.sql
ceb_6a_6a383,6a/6a383.sql,6a,14,ceb_6a_6a383.sql
ceb_6a_6a411,6a/6a411.sql,6a,14,ceb_6a_6a411.sql
ceb_6a_6a447,6a/6a447.sql,6a,14,ceb_6a_6a447.sql
ceb_6a_6a471,6a/6a471.sql,6a,14,ceb_6a_6a471.sql
ceb_6a_6a502,6a/6a502.sql,6a,14,ceb_6a_6a502.sql
ceb_6a_6a62,6a/6a62.sql,6a,14,ceb_6a_6a62.sql
ceb_7a_7a10,7a/7a10.sql,7a,16,ceb_7a_7a10.sql
ceb_7a_7a12,7a/7a12.sql,7a,16,ceb_7a_7a12.sql
ceb_7a_7a143,7a/7a143.sql,7a,16,ceb_7a_7a143.sql
ceb_7a_7a31,7a/7a31.sql,7a,16,ceb_7a_7a31.sql
ceb_7a_7a35,7a/7a35.sql,7a,16,ceb_7a_7a35.sql
ceb_7a_7a48,7a/7a48.sql,7a,16,ceb_7a_7a48.sql
ceb_7a_7a53,7a/7a53.sql,7a,16,ceb_7a_7a53.sql
ceb_7a_7a58,7a/7a58.sql,7a,16,ceb_7a_7a58.sql
ceb_7a_7a63,7a/7a63.sql,7a,16,ceb_7a_7a63.sql
ceb_7a_7a66,7a/7a66.sql,7a,16,ceb_7a_7a66.sql
ceb_7a_7a8,7a/7a8.sql,7a,16,ceb_7a_7a8.sql
ceb_7a_7a83,7a/7a83.sql,7a,16,ceb_7a_7a83.sql
ceb_7a_7a92,7a/7a92.sql,7a,16,ceb_7a_7a92.sql
ceb_7a_7a97,7a/7a97.sql,7a,16,ceb_7a_7a97.sql
ceb_8a_8a104,8a/8a104.sql,8a,12,ceb_8a_8a104.sql
ceb_8a_8a191,8a/8a191.sql,8a,12,ceb_8a_8a191.sql
ceb_8a_8a199,8a/8a199.sql,8a,12,ceb_8a_8a199.sql
ceb_8a_8a233,8a/8a233.sql,8a,12,ceb_8a_8a233.sql
ceb_8a_8a247,8a/8a247.sql,8a,12,ceb_8a_8a247.sql
ceb_8a_8a260,8a/8a260.sql,8a,12,ceb_8a_8a260.sql
ceb_8a_8a311,8a/8a311.sql,8a,12,ceb_8a_8a311.sql
ceb_8a_8a330,8a/8a330.sql,8a,12,ceb_8a_8a330.sql
ceb_8a_8a332,8a/8a332.sql,8a,12,ceb_8a_8a332.sql
ceb_8a_8a364,8a/8a364.sql,8a,12,ceb_8a_8a364.sql
ceb_8a_8a45,8a/8a45.sql,8a,12,ceb_8a_8a45.sql
ceb_8a_8a464,8a/8a464.sql,8a,12,ceb_8a_8a464.sql
ceb_8a_8a515,8a/8a515.sql,8a,12,ceb_8a_8a515.sql
ceb_8a_8a60,8a/8a60.sql,8a,12,ceb_8a_8a60.sql
ceb_9a_00850c98cd55be86f15e61a93535d0d960a73706,9a/00850c98cd55be86f15e61a93535d0d960a73706.sql,9a,9,ceb_9a_00850c98cd55be86f15e61a93535d0d960a73706.sql
ceb_9a_0a3ff163637f3c0ddf6b3e73147ecbdc4baef2e1,9a/0a3ff163637f3c0ddf6b3e73147ecbdc4baef2e1.sql,9a,9,ceb_9a_0a3ff163637f3c0ddf6b3e73147ecbdc4baef2e1.sql
ceb_9a_1a718f97a1ae6163338aa71d4cd82b989fc1056b,9a/1a718f97a1ae6163338aa71d4cd82b989fc1056b.sql,9a,9,ceb_9a_1a718f97a1ae6163338aa71d4cd82b989fc1056b.sql
ceb_9a_2653c7b7647215e0798d57ef21fb8818f5e865e6,9a/2653c7b7647215e0798d57ef21fb8818f5e865e6.sql,9a,9,ceb_9a_2653c7b7647215e0798d57ef21fb8818f5e865e6.sql
ceb_9a_367ec8ab1c249cd2c53bab65feb6dc6242d14895,9a/367ec8ab1c249cd2c53bab65feb6dc6242d14895.sql,9a,9,ceb_9a_367ec8ab1c249cd2c53bab65feb6dc6242d14895.sql
ceb_9a_4e09b6a8a2927260782ed5cacdb7c1939f2a2a6a,9a/4e09b6a8a2927260782ed5cacdb7c1939f2a2a6a.sql,9a,9,ceb_9a_4e09b6a8a2927260782ed5cacdb7c1939f2a2a6a.sql
ceb_9a_5179d0270c1f77cf14ca35ec38a9e646343dc22e,9a/5179d0270c1f77cf14ca35ec38a9e646343dc22e.sql,9a,9,ceb_9a_5179d0270c1f77cf14ca35ec38a9e646343dc22e.sql
ceb_9a_797dc37a0c0b36a626498c51d3c8b4658ba38c13,9a/797dc37a0c0b36a626498c51d3c8b4658ba38c13.sql,9a,9,ceb_9a_797dc37a0c0b36a626498c51d3c8b4658ba38c13.sql
ceb_9a_7a17ddd9febaa65780f8dcb6fb3fab2d3c93f471,9a/7a17ddd9febaa65780f8dcb6fb3fab2d3c93f471.sql,9a,9,ceb_9a_7a17ddd9febaa65780f8dcb6fb3fab2d3c93f471.sql
ceb_9a_921a08fca0a7c7e8d0d505db3860f3c3a98a17b1,9a/921a08fca0a7c7e8d0d505db3860f3c3a98a17b1.sql,9a,9,ceb_9a_921a08fca0a7c7e8d0d505db3860f3c3a98a17b1.sql
ceb_9a_9a8171432558601ce47cdc5fe9f729826b581e67,9a/9a8171432558601ce47cdc5fe9f729826b581e67.sql,9a,9,ceb_9a_9a8171432558601ce47cdc5fe9f729826b581e67.sql
ceb_9a_b422f8daf76fcd0c18f25a1f162aee8acbac9248,9a/b422f8daf76fcd0c18f25a1f162aee8acbac9248.sql,9a,9,ceb_9a_b422f8daf76fcd0c18f25a1f162aee8acbac9248.sql
ceb_9a_b95fcc1ce200175b9dfa3c6941e10ce0c091880a,9a/b95fcc1ce200175b9dfa3c6941e10ce0c091880a.sql,9a,9,ceb_9a_b95fcc1ce200175b9dfa3c6941e10ce0c091880a.sql
ceb_9a_f7739302f2ce4a214c54f1f71172f469659665de,9a/f7739302f2ce4a214c54f1f71172f469659665de.sql,9a,9,ceb_9a_f7739302f2ce4a214c54f1f71172f469659665de.sql
ceb_9b_16633617d7d2e0634675065094d26e8244c8f38a,9b/16633617d7d2e0634675065094d26e8244c8f38a.sql,9b,9,ceb_9b_16633617d7d2e0634675065094d26e8244c8f38a.sql
ceb_9b_19051fe0dfae9c23a9605c7e55fab5cf19487fc8,9b/19051fe0dfae9c23a9605c7e55fab5cf19487fc8.sql,9b,9,ceb_9b_19051fe0dfae9c23a9605c7e55fab5cf19487fc8.sql
ceb_9b_28058adf68a710a6c2aed02bc5f9b1519ab7618e,9b/28058adf68a710a6c2aed02bc5f9b1519ab7618e.sql,9b,9,ceb_9b_28058adf68a710a6c2aed02bc5f9b1519ab7618e.sql
ceb_9b_386808c1ceb9e7177a84dd5657d0ba65ebd00b9e,9b/386808c1ceb9e7177a84dd5657d0ba65ebd00b9e.sql,9b,9,ceb_9b_386808c1ceb9e7177a84dd5657d0ba65ebd00b9e.sql
ceb_9b_4ef32a982069c64dd8605db53070bde5be0084e2,9b/4ef32a982069c64dd8605db53070bde5be0084e2.sql,9b,9,ceb_9b_4ef32a982069c64dd8605db53070bde5be0084e2.sql
ceb_9b_8aff6700f86da4c2f07ea12df2d167e8edeb22af,9b/8aff6700f86da4c2f07ea12df2d167e8edeb22af.sql,9b,9,ceb_9b_8aff6700f86da4c2f07ea12df2d167e8edeb22af.sql
ceb_9b_8c84742f8da42e83b76d8cd2aed5ad18e45b3cce,9b/8c84742f8da42e83b76d8cd2aed5ad18e45b3cce.sql,9b,9,ceb_9b_8c84742f8da42e83b76d8cd2aed5ad18e45b3cce.sql
ceb_9b_9bf6542bf6c366ecb799cbe9425c73b5c574a78a,9b/9bf6542bf6c366ecb799cbe9425c73b5c574a78a.sql,9b,9,ceb_9b_9bf6542bf6c366ecb799cbe9425c73b5c574a78a.sql
ceb_9b_9d1c15b67b062748392337cc3a3bfe52f962c88e,9b/9d1c15b67b062748392337cc3a3bfe52f962c88e.sql,9b,9,ceb_9b_9d1c15b67b062748392337cc3a3bfe52f962c88e.sql
ceb_9b_b98b15cdeaa31c081bc62882e33ac83048ffcb80,9b/b98b15cdeaa31c081bc62882e33ac83048ffcb80.sql,9b,9,ceb_9b_b98b15cdeaa31c081bc62882e33ac83048ffcb80.sql
ceb_9b_d1f92b22a395013645a093386c53431aa8b94a13,9b/d1f92b22a395013645a093386c53431aa8b94a13.sql,9b,9,ceb_9b_d1f92b22a395013645a093386c53431aa8b94a13.sql
ceb_9b_db0c56322816dc9caaabd2fcaee9af951e94b0c9,9b/db0c56322816dc9caaabd2fcaee9af951e94b0c9.sql,9b,9,ceb_9b_db0c56322816dc9caaabd2fcaee9af951e94b0c9.sql
ceb_9b_db4af76949de4d3b67b89ba3e49bc77800686dba,9b/db4af76949de4d3b67b89ba3e49bc77800686dba.sql,9b,9,ceb_9b_db4af76949de4d3b67b89ba3e49bc77800686dba.sql
ceb_9b_e12c4f0126db1de4af71ef366723181825d6b6c7,9b/e12c4f0126db1de4af71ef366723181825d6b6c7.sql,9b,9,ceb_9b_e12c4f0126db1de4af71ef366723181825d6b6c7.sql
